ID Produk,Nama Produk,Kategori,Jumlah Stok,Harga Per Unit,Lokasi Penyimpanan,Tanggal Masuk
1,Themselves M,Perlengkapan Kantor,177,5764192,Gudang 3,2023-12-24
2,Already C,Perlengkapan Kantor,56,6394356,Gudang 3,2024-02-28
3,Late H,Elektronik,14,4219386,Gudang 1,2023-08-28
4,First B,Perlengkapan Kantor,259,1067292,Gudang 2,2023-07-26
5,As G,Perlengkapan Kantor,153,6111179,Gudang 3,2023-06-25
6,Candidate L,Perabotan,199,3915561,Gudang 1,2024-01-13
7,Sort H,Perabotan,240,2050657,Gudang 2,2024-02-12
8,Open H,Elektronik,131,6164568,Gudang 3,2023-07-04
9,Push D,Perabotan,476,4831707,Gudang 2,2024-03-06
10,Might B,Perlengkapan Kantor,33,2349647,Gudang 3,2023-07-17
11,Shake M,Perlengkapan Kantor,50,1172042,Gudang 2,2023-07-22
12,Describe A,Perabotan,392,4012864,Gudang 2,2023-07-10
13,East D,Elektronik,292,559197,Gudang 3,2023-09-19
14,Science A,Elektronik,353,4077917,Gudang 1,2024-03-20
15,Call H,Perabotan,13,6829901,Gudang 1,2023-11-02
16,Drug L,Perlengkapan Kantor,113,2221686,Gudang 1,2023-10-18
17,Happen E,Elektronik,287,5317196,Gudang 3,2024-03-28
18,Land C,Elektronik,407,6611462,Gudang 1,2024-01-02
19,Reveal C,Elektronik,380,6542171,Gudang 3,2024-02-23
20,Clearly A,Perabotan,438,2821432,Gudang 3,2024-05-02
21,Something J,Elektronik,59,5093992,Gudang 1,2024-01-30
22,Color H,Perabotan,40,345723,Gudang 2,2023-09-21
23,Any A,Perlengkapan Kantor,56,82553,Gudang 1,2023-06-11
24,Store G,Perabotan,76,5793453,Gudang 1,2023-07-15
25,She M,Elektronik,352,1395740,Gudang 1,2024-04-03
26,Choice H,Perabotan,42,219717,Gudang 1,2023-12-15
27,Book C,Elektronik,347,5819357,Gudang 1,2023-11-18
28,Evidence J,Perabotan,279,1874551,Gudang 2,2023-07-25
29,Capital B,Perlengkapan Kantor,417,776358,Gudang 1,2024-05-10
30,Various A,Elektronik,193,5813487,Gudang 2,2023-08-31
31,Walk F,Perabotan,177,1871763,Gudang 1,2024-06-04
32,Individual D,Elektronik,277,5431514,Gudang 1,2023-08-03
33,Lot E,Perlengkapan Kantor,32,2709357,Gudang 3,2024-01-31
34,Grow B,Perabotan,338,1021297,Gudang 1,2023-06-14
35,Miss K,Elektronik,56,3068684,Gudang 1,2023-10-03
36,Figure B,Elektronik,472,1668785,Gudang 2,2024-02-14
37,Total C,Elektronik,443,1746089,Gudang 1,2024-03-03
38,Building F,Elektronik,67,5664646,Gudang 2,2023-11-30
39,Yard L,Perlengkapan Kantor,146,818219,Gudang 2,2024-03-24
40,Least N,Perlengkapan Kantor,103,1951886,Gudang 2,2024-04-24
41,Offer I,Perabotan,161,1759241,Gudang 3,2023-09-14
42,Operation K,Perabotan,24,3745218,Gudang 3,2024-05-06
43,Lay L,Elektronik,424,152755,Gudang 1,2023-06-27
44,Government G,Elektronik,247,4473174,Gudang 3,2023-06-11
45,Share H,Perabotan,76,4553328,Gudang 2,2024-01-29
46,Like L,Perlengkapan Kantor,443,3833966,Gudang 2,2024-06-03
47,Only N,Elektronik,450,6952315,Gudang 1,2023-11-03
48,Born L,Elektronik,56,3495874,Gudang 2,2023-11-05
49,Movie J,Perlengkapan Kantor,493,5540078,Gudang 2,2023-12-15
50,Cost H,Perlengkapan Kantor,110,4607213,Gudang 1,2023-06-13
51,Brother G,Perabotan,407,1593144,Gudang 3,2024-01-01
52,Summer M,Perlengkapan Kantor,165,6604978,Gudang 2,2023-08-24
53,Whether G,Perlengkapan Kantor,279,2155603,Gudang 3,2023-12-24
54,Eye N,Elektronik,422,2661016,Gudang 2,2023-07-08
55,Environmental L,Perlengkapan Kantor,440,6278805,Gudang 1,2023-07-28
56,Executive B,Perabotan,485,3966255,Gudang 3,2023-11-07
57,Lose N,Perabotan,196,5178228,Gudang 3,2023-09-23
58,Energy H,Perabotan,146,4308498,Gudang 3,2023-12-23
59,Listen J,Perabotan,246,908005,Gudang 3,2024-05-16
60,Sense G,Perabotan,362,5006520,Gudang 2,2024-05-27
61,Vote A,Elektronik,242,610793,Gudang 3,2023-09-13
62,Break F,Perabotan,100,1053749,Gudang 3,2023-10-22
63,Television E,Perlengkapan Kantor,71,3552465,Gudang 1,2024-05-14
64,Ever K,Elektronik,464,3121080,Gudang 1,2023-09-21
65,Along A,Perabotan,137,2540292,Gudang 3,2024-01-13
66,People I,Perabotan,281,1041561,Gudang 1,2024-03-05
67,How J,Elektronik,237,1948133,Gudang 3,2023-11-26
68,Common A,Perlengkapan Kantor,448,5401993,Gudang 1,2024-03-24
69,Not E,Elektronik,483,2724841,Gudang 1,2023-08-13
70,Worker H,Perabotan,428,3958940,Gudang 3,2023-12-02
71,Movie D,Perabotan,300,6565980,Gudang 3,2024-02-28
72,Base H,Perlengkapan Kantor,256,4922784,Gudang 1,2024-04-04
73,Least N,Elektronik,363,3941933,Gudang 3,2024-01-14
74,Respond J,Perabotan,144,2114658,Gudang 2,2024-02-25
75,Participant H,Perabotan,232,4146768,Gudang 1,2023-12-26
76,Our C,Perlengkapan Kantor,144,3313486,Gudang 2,2023-08-09
77,Top B,Perabotan,256,4008286,Gudang 1,2024-05-30
78,Mention E,Perlengkapan Kantor,382,6944159,Gudang 2,2023-06-29
79,In D,Elektronik,307,360951,Gudang 2,2023-12-26
80,Perhaps B,Perabotan,321,3950290,Gudang 3,2023-07-20
81,Catch L,Perlengkapan Kantor,12,1922335,Gudang 3,2023-09-22
82,Involve K,Perabotan,433,4911429,Gudang 3,2023-06-22
83,Course K,Perlengkapan Kantor,60,6026271,Gudang 2,2023-07-22
84,Item J,Perabotan,244,6187404,Gudang 1,2023-09-16
85,Line L,Perabotan,226,5445000,Gudang 1,2024-05-06
86,Professor D,Perabotan,383,4830477,Gudang 2,2024-04-25
87,Might C,Elektronik,201,5689909,Gudang 3,2023-07-07
88,Here N,Perabotan,475,1442302,Gudang 2,2023-10-19
89,Trouble A,Perlengkapan Kantor,288,2544739,Gudang 1,2023-09-22
90,Certain M,Perabotan,365,1454614,Gudang 2,2023-10-19
91,Large H,Perabotan,40,1822985,Gudang 3,2023-08-15
92,Others H,Perlengkapan Kantor,273,6332592,Gudang 1,2023-08-06
93,Fish M,Elektronik,87,4969407,Gudang 3,2023-12-24
94,Across B,Perlengkapan Kantor,175,647550,Gudang 3,2024-01-07
95,Subject N,Elektronik,476,3951404,Gudang 3,2023-11-23
96,Among M,Elektronik,205,4240698,Gudang 3,2023-06-18
97,Base L,Perlengkapan Kantor,242,1539038,Gudang 1,2024-05-20
98,Product L,Perabotan,186,6440265,Gudang 3,2023-08-11
99,Crime G,Perabotan,216,2097349,Gudang 1,2023-11-24
100,Treat G,Perabotan,457,5487810,Gudang 1,2024-03-22
101,Light B,Elektronik,106,3987756,Gudang 1,2023-06-13
102,Hotel C,Elektronik,187,521897,Gudang 3,2024-03-14
103,Talk B,Elektronik,191,219800,Gudang 1,2023-06-30
104,Figure L,Elektronik,287,6080440,Gudang 3,2024-04-06
105,These F,Elektronik,245,3115349,Gudang 1,2023-07-13
106,Listen F,Elektronik,430,6399416,Gudang 2,2024-03-03
107,Strong D,Elektronik,434,6129829,Gudang 2,2023-07-15
108,Provide E,Perabotan,29,1177362,Gudang 2,2023-08-07
109,Both B,Elektronik,242,5984723,Gudang 2,2023-09-03
110,Require B,Perabotan,57,1627126,Gudang 2,2023-09-05
111,Candidate H,Elektronik,104,6942273,Gudang 2,2024-06-01
112,At M,Elektronik,308,1983687,Gudang 3,2023-09-15
113,Class H,Perlengkapan Kantor,399,3796550,Gudang 1,2024-02-02
114,Piece N,Elektronik,149,6118144,Gudang 1,2023-10-02
115,Mouth G,Elektronik,457,5209893,Gudang 2,2024-05-17
116,Job M,Perlengkapan Kantor,248,1785726,Gudang 3,2023-12-14
117,Life A,Perabotan,237,1871551,Gudang 3,2023-09-12
118,Paper G,Elektronik,154,5528373,Gudang 1,2023-09-10
119,Little A,Perabotan,188,5669894,Gudang 2,2023-08-27
120,Teacher N,Perabotan,357,1880979,Gudang 1,2024-03-03
121,Fight K,Perabotan,45,4841975,Gudang 1,2023-09-18
122,Nearly L,Perlengkapan Kantor,153,3892087,Gudang 2,2024-04-13
123,Detail G,Perlengkapan Kantor,257,5238213,Gudang 3,2023-09-28
124,Hit I,Elektronik,67,6671819,Gudang 2,2024-05-10
125,Might D,Perabotan,292,1449517,Gudang 2,2024-05-05
126,Remain G,Elektronik,323,3515596,Gudang 1,2024-02-26
127,Manage A,Elektronik,26,2725405,Gudang 1,2024-01-04
128,Water F,Elektronik,48,337231,Gudang 3,2024-02-19
129,Read I,Perabotan,335,6330220,Gudang 3,2023-11-09
130,Serve D,Perlengkapan Kantor,76,1570056,Gudang 1,2023-07-18
131,Consider N,Perabotan,237,3772351,Gudang 3,2024-02-25
132,Eight H,Perabotan,316,375481,Gudang 2,2023-07-06
133,Performance L,Perlengkapan Kantor,372,6636216,Gudang 2,2023-07-31
134,Because J,Perabotan,128,3156342,Gudang 1,2024-03-30
135,Address M,Elektronik,246,4287406,Gudang 1,2023-07-24
136,Choice G,Perlengkapan Kantor,364,3647774,Gudang 3,2023-11-14
137,Onto D,Perlengkapan Kantor,57,1879815,Gudang 1,2024-04-30
138,Through N,Elektronik,408,178569,Gudang 3,2023-06-12
139,Report J,Elektronik,342,697839,Gudang 2,2024-05-18
140,National L,Elektronik,387,4908297,Gudang 2,2023-11-04
141,Left B,Perabotan,448,410198,Gudang 2,2023-08-22
142,Operation I,Elektronik,299,5240768,Gudang 1,2023-11-15
143,Life L,Perabotan,355,4775509,Gudang 3,2024-03-09
144,Movement M,Perabotan,18,1079614,Gudang 3,2024-03-07
145,Dark E,Perabotan,90,4830333,Gudang 3,2023-10-30
146,Field N,Elektronik,277,2195265,Gudang 3,2023-09-03
147,Sign J,Perabotan,208,501636,Gudang 1,2024-01-30
148,Must D,Perlengkapan Kantor,69,6686797,Gudang 2,2024-02-12
149,Other A,Perlengkapan Kantor,417,854355,Gudang 3,2024-02-26
150,Sell H,Perabotan,261,4713973,Gudang 2,2023-09-09
151,Ability K,Perabotan,441,4555528,Gudang 2,2023-06-19
152,Democratic E,Perabotan,61,2904437,Gudang 2,2023-09-02
153,Line H,Perabotan,461,6190543,Gudang 1,2024-03-16
154,Crime F,Elektronik,262,2712802,Gudang 3,2023-12-10
155,Else F,Elektronik,112,3085949,Gudang 2,2024-04-07
156,Weight B,Elektronik,79,3840350,Gudang 1,2024-05-01
157,Both M,Perabotan,475,2549375,Gudang 1,2023-10-07
158,Tonight J,Perabotan,367,5078374,Gudang 2,2024-03-17
159,Wrong G,Elektronik,172,2039213,Gudang 2,2024-01-09
160,Character B,Perlengkapan Kantor,388,516428,Gudang 1,2023-06-21
161,Then J,Perabotan,12,4039972,Gudang 2,2023-09-17
162,Front L,Perabotan,248,4336067,Gudang 1,2024-01-12
163,See N,Elektronik,51,1019005,Gudang 2,2024-01-25
164,Political N,Elektronik,317,2580033,Gudang 2,2024-01-20
165,Never F,Perabotan,406,6280240,Gudang 1,2023-10-27
166,Themselves K,Perlengkapan Kantor,476,3317461,Gudang 3,2023-10-21
167,Spring J,Perlengkapan Kantor,185,370728,Gudang 3,2024-04-28
168,Early E,Elektronik,234,1928739,Gudang 2,2023-11-17
169,Century L,Elektronik,407,5063323,Gudang 2,2023-07-06
170,Policy E,Perabotan,164,244881,Gudang 3,2024-03-16
171,Compare G,Perabotan,455,3287233,Gudang 2,2023-06-29
172,Team E,Perabotan,307,6505843,Gudang 1,2023-11-08
173,Own H,Perabotan,76,4486949,Gudang 2,2023-07-19
174,About B,Elektronik,287,3676573,Gudang 2,2023-11-30
175,Manage G,Perlengkapan Kantor,312,2393769,Gudang 1,2023-06-11
176,Ground J,Elektronik,86,6876946,Gudang 3,2024-01-03
177,Low J,Elektronik,195,2815415,Gudang 1,2024-05-03
178,Several D,Perabotan,140,4122586,Gudang 1,2024-05-21
179,Mention M,Elektronik,143,3556113,Gudang 2,2024-02-21
180,Necessary K,Perabotan,334,5034157,Gudang 2,2023-07-26
181,Item K,Perabotan,476,3394922,Gudang 1,2023-06-26
182,Your F,Perlengkapan Kantor,267,2717509,Gudang 3,2023-11-05
183,Culture J,Perabotan,135,4975746,Gudang 3,2024-05-17
184,Begin J,Elektronik,159,5822998,Gudang 3,2024-04-01
185,His E,Perabotan,408,6343286,Gudang 3,2023-07-07
186,Subject L,Perlengkapan Kantor,102,4193482,Gudang 1,2024-03-08
187,Today N,Elektronik,249,1515191,Gudang 3,2024-03-21
188,Ask B,Perlengkapan Kantor,49,1227489,Gudang 3,2024-04-06
189,Final F,Elektronik,107,830761,Gudang 2,2024-04-27
190,Worker A,Elektronik,161,2444203,Gudang 1,2023-10-21
191,If K,Perlengkapan Kantor,428,3600056,Gudang 2,2023-10-23
192,Partner I,Elektronik,275,121879,Gudang 3,2023-10-29
193,Simple H,Perlengkapan Kantor,355,960372,Gudang 1,2023-06-07
194,Develop D,Perlengkapan Kantor,379,1464038,Gudang 3,2023-10-13
195,Young M,Perlengkapan Kantor,69,1206021,Gudang 1,2024-05-01
196,Free D,Perabotan,343,5243534,Gudang 2,2024-04-29
197,Health D,Elektronik,208,6852577,Gudang 2,2024-04-30
198,Degree C,Perlengkapan Kantor,145,64620,Gudang 2,2023-08-03
199,Result G,Perlengkapan Kantor,321,1160546,Gudang 3,2023-06-13
200,Coach A,Perlengkapan Kantor,388,1593860,Gudang 1,2023-10-22
201,Relate L,Elektronik,438,2802714,Gudang 1,2023-09-13
202,Carry A,Perabotan,97,3634032,Gudang 1,2023-12-20
203,Forget I,Perabotan,78,5931192,Gudang 2,2024-04-04
204,Environmental E,Perlengkapan Kantor,459,6766821,Gudang 2,2023-07-01
205,Blood I,Elektronik,398,3488044,Gudang 2,2023-06-20
206,Enjoy E,Elektronik,489,3233177,Gudang 1,2023-08-07
207,Action I,Elektronik,459,4353371,Gudang 1,2023-06-25
208,Point L,Elektronik,231,4090480,Gudang 1,2024-05-28
209,Bring L,Perlengkapan Kantor,87,2497461,Gudang 3,2023-12-08
210,Beat A,Perabotan,308,1428912,Gudang 3,2024-04-07
211,Together D,Perabotan,417,694490,Gudang 3,2023-09-06
212,Reach I,Perlengkapan Kantor,274,2937446,Gudang 2,2023-11-22
213,Into G,Perlengkapan Kantor,254,4530258,Gudang 3,2023-11-23
214,Action F,Perlengkapan Kantor,217,4013471,Gudang 1,2024-01-29
215,Of F,Perlengkapan Kantor,183,1532607,Gudang 3,2023-07-19
216,Room L,Perlengkapan Kantor,90,3050034,Gudang 3,2023-09-09
217,Too G,Perlengkapan Kantor,27,4108658,Gudang 3,2024-03-06
218,Reveal C,Perlengkapan Kantor,363,5495890,Gudang 2,2023-12-16
219,According N,Elektronik,76,2956801,Gudang 2,2023-11-12
220,Interesting A,Perabotan,61,6546434,Gudang 2,2023-12-27
221,Debate C,Perlengkapan Kantor,455,3035904,Gudang 3,2024-04-05
222,Including N,Perlengkapan Kantor,375,3486144,Gudang 3,2024-05-25
223,Affect C,Elektronik,231,1576085,Gudang 1,2023-09-11
224,Part L,Perabotan,238,2313060,Gudang 2,2023-07-18
225,Above K,Perlengkapan Kantor,337,2490512,Gudang 1,2023-10-05
226,Success K,Elektronik,370,5159475,Gudang 3,2024-01-23
227,Manager A,Perlengkapan Kantor,316,1912798,Gudang 3,2024-03-20
228,Yes D,Perabotan,105,1673076,Gudang 3,2023-12-16
229,Future F,Elektronik,27,5927253,Gudang 3,2023-09-14
230,Firm A,Perabotan,172,4897501,Gudang 3,2023-11-27
231,Cup G,Perabotan,321,961548,Gudang 1,2023-12-24
232,Write A,Elektronik,71,599925,Gudang 3,2023-07-10
233,Fear D,Elektronik,250,6345666,Gudang 3,2023-08-09
234,Occur J,Perabotan,271,1749776,Gudang 3,2023-11-18
235,Painting B,Perabotan,349,6178637,Gudang 3,2024-01-19
236,Realize H,Perabotan,215,3272447,Gudang 3,2023-09-11
237,Arm L,Perlengkapan Kantor,339,6979371,Gudang 3,2023-10-19
238,Two A,Perlengkapan Kantor,200,5660008,Gudang 2,2024-05-29
239,National A,Perabotan,391,3827593,Gudang 1,2024-02-20
240,Glass G,Perlengkapan Kantor,173,5676879,Gudang 3,2024-05-14
241,Interest F,Perlengkapan Kantor,81,5103577,Gudang 2,2024-02-05
242,Them B,Perabotan,278,3313043,Gudang 2,2024-03-05
243,Realize J,Perlengkapan Kantor,263,1138554,Gudang 2,2024-05-29
244,Picture A,Elektronik,379,1533122,Gudang 1,2023-06-11
245,Note A,Perlengkapan Kantor,202,4636372,Gudang 1,2023-07-05
246,Along B,Elektronik,414,6228823,Gudang 1,2023-10-01
247,Enjoy F,Perlengkapan Kantor,387,2569284,Gudang 2,2024-03-11
248,Rate J,Elektronik,478,6641620,Gudang 1,2023-10-31
249,Sure C,Perlengkapan Kantor,278,680063,Gudang 1,2023-08-22
250,Face E,Perabotan,425,3099113,Gudang 2,2023-06-12
251,Son N,Perabotan,146,515803,Gudang 3,2023-11-13
252,Effort D,Perlengkapan Kantor,59,6035633,Gudang 3,2024-02-17
253,Professor L,Elektronik,302,5804247,Gudang 2,2023-10-30
254,Look F,Perlengkapan Kantor,149,5418727,Gudang 1,2023-12-14
255,Western L,Elektronik,88,73032,Gudang 1,2024-04-07
256,Across B,Perabotan,455,1497567,Gudang 3,2024-01-20
257,Southern L,Perabotan,113,6015416,Gudang 3,2024-04-07
258,Surface A,Perlengkapan Kantor,189,1098968,Gudang 3,2023-08-11
259,Want F,Elektronik,384,922030,Gudang 3,2024-03-24
260,Yet N,Elektronik,256,2491067,Gudang 3,2024-05-14
261,Compare J,Perlengkapan Kantor,274,378374,Gudang 2,2024-01-23
262,Feel G,Perlengkapan Kantor,310,6210775,Gudang 2,2023-12-16
263,Pull N,Perabotan,300,5228888,Gudang 3,2023-09-27
264,For I,Perabotan,90,1575523,Gudang 1,2024-04-15
265,Tv G,Perabotan,174,2252976,Gudang 2,2023-10-15
266,Third J,Elektronik,191,163240,Gudang 1,2023-08-15
267,Season B,Elektronik,426,3032863,Gudang 2,2024-05-26
268,Southern D,Elektronik,386,779384,Gudang 2,2023-06-21
269,Charge I,Perlengkapan Kantor,267,5986657,Gudang 1,2023-10-11
270,Successful I,Elektronik,220,5576035,Gudang 3,2023-09-08
271,Family F,Perabotan,28,226170,Gudang 1,2023-12-31
272,Produce H,Elektronik,402,3598682,Gudang 2,2023-06-07
273,Prove B,Perlengkapan Kantor,434,6653407,Gudang 3,2024-02-22
274,Building B,Elektronik,388,2975264,Gudang 3,2023-09-27
275,Tv K,Elektronik,83,1311817,Gudang 3,2023-12-09
276,Where A,Perabotan,395,3039713,Gudang 1,2024-01-14
277,Man B,Elektronik,38,2337150,Gudang 3,2023-12-07
278,Cause N,Elektronik,199,5072508,Gudang 2,2023-07-17
279,Available F,Perabotan,437,6079637,Gudang 1,2023-12-29
280,Knowledge A,Elektronik,406,5367116,Gudang 2,2023-10-14
281,Cup M,Perabotan,91,3807404,Gudang 2,2024-02-13
282,Commercial E,Perlengkapan Kantor,174,2605824,Gudang 1,2023-10-04
283,Season F,Perabotan,369,2503744,Gudang 2,2024-03-27
284,Car A,Elektronik,73,4924767,Gudang 2,2024-05-01
285,Easy D,Elektronik,264,2402675,Gudang 1,2023-11-17
286,Ahead J,Elektronik,37,1877698,Gudang 2,2023-10-16
287,Edge K,Perabotan,90,6900248,Gudang 2,2023-12-24
288,Hot F,Elektronik,246,4775084,Gudang 3,2024-03-18
289,Civil M,Elektronik,289,5099616,Gudang 2,2024-04-16
290,All K,Perabotan,216,1076155,Gudang 1,2023-11-04
291,In D,Elektronik,56,5312036,Gudang 1,2023-08-30
292,Security A,Elektronik,442,3798772,Gudang 3,2024-03-21
293,Great F,Perabotan,338,58583,Gudang 2,2023-10-05
294,Drive H,Perlengkapan Kantor,110,3749165,Gudang 3,2023-07-24
295,Involve G,Elektronik,289,3200101,Gudang 3,2023-11-15
296,Want K,Elektronik,161,1300561,Gudang 3,2023-07-15
297,Practice F,Elektronik,383,169449,Gudang 1,2023-06-16
298,Baby N,Elektronik,268,1677723,Gudang 3,2023-08-01
299,Our D,Perlengkapan Kantor,154,5432577,Gudang 1,2023-08-09
300,Parent J,Perabotan,127,6917121,Gudang 1,2024-04-20
301,Food M,Perlengkapan Kantor,329,1293920,Gudang 1,2024-05-28
302,Federal N,Perlengkapan Kantor,361,5736074,Gudang 1,2023-10-28
303,Management H,Elektronik,317,5333174,Gudang 2,2023-06-15
304,Cup J,Elektronik,472,1195664,Gudang 3,2024-03-11
305,View J,Perlengkapan Kantor,293,6620968,Gudang 1,2024-02-21
306,Man I,Perabotan,385,3009232,Gudang 1,2023-09-29
307,Bar I,Elektronik,166,4119362,Gudang 1,2023-12-24
308,Surface D,Elektronik,429,1330803,Gudang 3,2024-02-05
309,Music C,Perabotan,250,6833409,Gudang 2,2023-09-19
310,Future D,Elektronik,151,6636594,Gudang 1,2023-06-05
311,Similar H,Elektronik,14,5687347,Gudang 3,2024-03-25
312,Case F,Perlengkapan Kantor,259,3495307,Gudang 3,2023-10-10
313,Yes A,Perlengkapan Kantor,425,781294,Gudang 3,2023-11-02
314,Might K,Perlengkapan Kantor,156,6148070,Gudang 3,2023-06-17
315,Vote K,Perlengkapan Kantor,368,671950,Gudang 3,2024-03-23
316,All G,Perabotan,303,2413412,Gudang 3,2023-08-04
317,Decision C,Elektronik,153,788657,Gudang 1,2023-08-12
318,Up G,Perabotan,258,5912934,Gudang 1,2023-07-14
319,Everybody L,Perabotan,118,4898218,Gudang 3,2024-03-08
320,Fund B,Perlengkapan Kantor,383,4489889,Gudang 2,2023-07-11
321,Student F,Perabotan,192,4304495,Gudang 2,2024-03-22
322,Professor J,Elektronik,389,962147,Gudang 1,2023-08-21
323,Air I,Perlengkapan Kantor,354,433983,Gudang 3,2023-08-28
324,Enter K,Perabotan,206,1357951,Gudang 1,2023-08-12
325,Page E,Perlengkapan Kantor,390,6030030,Gudang 3,2024-04-03
326,Parent G,Perlengkapan Kantor,353,3908521,Gudang 3,2024-03-11
327,Cup N,Perabotan,191,2056886,Gudang 1,2024-03-12
328,Whatever L,Perabotan,124,5540682,Gudang 1,2023-08-31
329,Computer C,Perabotan,139,2245638,Gudang 1,2024-03-17
330,Far J,Elektronik,396,4254600,Gudang 2,2023-09-19
331,Better D,Elektronik,270,1676231,Gudang 2,2023-08-01
332,Here E,Perabotan,489,827511,Gudang 1,2024-06-02
333,Political M,Elektronik,267,4409421,Gudang 1,2023-12-01
334,Almost C,Elektronik,301,4132007,Gudang 3,2023-12-02
335,Environment I,Perlengkapan Kantor,123,196792,Gudang 1,2024-05-15
336,Keep E,Elektronik,67,5564027,Gudang 3,2024-05-17
337,Place H,Perlengkapan Kantor,102,2367654,Gudang 1,2024-02-08
338,She J,Perlengkapan Kantor,336,6533550,Gudang 2,2024-01-13
339,Guess B,Perlengkapan Kantor,254,6789632,Gudang 3,2024-01-08
340,Leg H,Perabotan,236,3391572,Gudang 3,2024-04-29
341,Green G,Elektronik,94,5347822,Gudang 2,2024-03-09
342,Political B,Perabotan,425,124936,Gudang 3,2024-04-23
343,Save M,Elektronik,441,6659962,Gudang 3,2024-05-14
344,Without M,Perlengkapan Kantor,219,2586255,Gudang 3,2024-05-23
345,Congress C,Elektronik,283,1852286,Gudang 1,2023-08-14
346,Southern K,Perlengkapan Kantor,409,1553063,Gudang 2,2023-08-27
347,Cover A,Perabotan,236,1658025,Gudang 2,2023-08-11
348,Music D,Perabotan,433,1703891,Gudang 2,2024-02-01
349,Blood A,Elektronik,323,4610178,Gudang 2,2024-01-07
350,Sort A,Perlengkapan Kantor,359,3854760,Gudang 2,2024-02-13
351,World G,Perabotan,177,571179,Gudang 1,2024-01-20
352,Wall K,Perabotan,173,1230899,Gudang 1,2024-05-21
353,Theory B,Perlengkapan Kantor,115,3283432,Gudang 3,2023-07-17
354,Step E,Perlengkapan Kantor,440,2483566,Gudang 3,2024-03-03
355,Laugh D,Perlengkapan Kantor,99,5209143,Gudang 3,2023-10-17
356,Wait A,Perlengkapan Kantor,248,4199091,Gudang 3,2023-06-22
357,Hot G,Perlengkapan Kantor,469,3408331,Gudang 2,2023-11-27
358,Defense F,Elektronik,395,6032985,Gudang 1,2024-03-26
359,Energy E,Perabotan,157,6622140,Gudang 3,2024-05-04
360,Ability B,Perlengkapan Kantor,332,6176807,Gudang 3,2023-09-23
361,Public H,Perlengkapan Kantor,298,5900424,Gudang 2,2023-12-21
362,Take K,Perlengkapan Kantor,278,6669653,Gudang 1,2024-02-17
363,College D,Perlengkapan Kantor,374,2265462,Gudang 3,2024-02-20
364,Federal M,Elektronik,409,1413497,Gudang 1,2023-12-28
365,East A,Perabotan,403,5867960,Gudang 3,2024-03-29
366,Growth C,Perlengkapan Kantor,328,4560762,Gudang 1,2023-07-23
367,I M,Perlengkapan Kantor,478,2425447,Gudang 2,2024-04-27
368,Experience B,Perlengkapan Kantor,415,6493163,Gudang 2,2024-03-26
369,Every B,Perlengkapan Kantor,307,3170829,Gudang 2,2024-02-19
370,Night F,Elektronik,89,4723183,Gudang 2,2023-07-25
371,Stock F,Elektronik,42,1424331,Gudang 3,2024-06-04
372,Hard A,Perabotan,421,1698755,Gudang 2,2024-02-13
373,Truth M,Elektronik,136,3976823,Gudang 3,2024-05-12
374,Main N,Elektronik,485,3555217,Gudang 2,2023-12-29
375,On D,Elektronik,307,5400705,Gudang 1,2023-11-05
376,Most E,Perlengkapan Kantor,332,2485424,Gudang 3,2024-03-25
377,Board H,Perabotan,31,6317599,Gudang 2,2024-04-14
378,Here K,Elektronik,10,5609945,Gudang 2,2023-07-23
379,Will A,Perabotan,277,5311783,Gudang 2,2023-09-26
380,Night E,Perlengkapan Kantor,438,1644181,Gudang 1,2023-06-24
381,Yourself N,Elektronik,357,6152239,Gudang 2,2023-07-29
382,Born H,Perlengkapan Kantor,334,5365459,Gudang 2,2023-12-09
383,Because B,Elektronik,447,6117414,Gudang 3,2023-12-21
384,Learn D,Perlengkapan Kantor,369,2867778,Gudang 2,2023-09-14
385,Soldier M,Elektronik,186,2845457,Gudang 3,2024-01-19
386,Add N,Elektronik,162,477708,Gudang 1,2023-09-30
387,Peace I,Perabotan,468,6266865,Gudang 1,2024-02-26
388,Price N,Perlengkapan Kantor,68,1156499,Gudang 1,2024-03-01
389,Boy G,Perlengkapan Kantor,213,947809,Gudang 2,2023-07-14
390,Say A,Elektronik,97,5019758,Gudang 2,2024-04-01
391,Black G,Perlengkapan Kantor,37,5384348,Gudang 1,2023-06-27
392,Front A,Perabotan,104,872182,Gudang 3,2024-04-21
393,Whom E,Perlengkapan Kantor,363,597003,Gudang 2,2023-06-16
394,Eight L,Perabotan,205,6805450,Gudang 1,2024-04-16
395,During L,Elektronik,89,5169196,Gudang 3,2024-02-20
396,Radio F,Perlengkapan Kantor,115,4078472,Gudang 2,2024-02-18
397,Perhaps I,Elektronik,22,4758049,Gudang 2,2023-08-05
398,Too C,Perlengkapan Kantor,216,6388265,Gudang 3,2024-05-10
399,Pressure B,Perlengkapan Kantor,383,6285763,Gudang 1,2023-11-04
400,Moment A,Elektronik,319,4865915,Gudang 1,2023-06-18
401,Phone M,Perabotan,202,6217059,Gudang 3,2023-12-22
402,Radio L,Perabotan,274,2123341,Gudang 3,2024-03-23
403,Particular D,Elektronik,43,2714540,Gudang 2,2024-05-20
404,Government M,Perlengkapan Kantor,190,1507005,Gudang 3,2023-10-06
405,Power A,Perlengkapan Kantor,46,4401051,Gudang 2,2023-07-16
406,National G,Perlengkapan Kantor,361,5869790,Gudang 1,2024-04-26
407,Form N,Elektronik,216,5757891,Gudang 1,2023-10-16
408,Until E,Elektronik,173,2423115,Gudang 1,2023-09-06
409,Question H,Perabotan,241,3384450,Gudang 3,2024-03-09
410,Them K,Perabotan,16,5776131,Gudang 1,2024-05-30
411,Traditional B,Elektronik,37,4150880,Gudang 3,2023-07-03
412,Coach L,Perlengkapan Kantor,174,6586731,Gudang 2,2023-10-01
413,Republican D,Perabotan,436,4235589,Gudang 3,2023-08-27
414,Music K,Perabotan,311,3956765,Gudang 2,2023-07-23
415,Spend A,Perlengkapan Kantor,60,6759526,Gudang 3,2023-10-28
416,Clear N,Elektronik,398,5177334,Gudang 3,2023-12-17
417,Approach G,Perabotan,320,3515170,Gudang 3,2023-11-15
418,Nearly C,Elektronik,475,3673210,Gudang 3,2024-05-16
419,Reason F,Elektronik,88,81521,Gudang 1,2024-05-03
420,Challenge C,Perlengkapan Kantor,129,4392310,Gudang 2,2023-09-01
421,Difficult M,Elektronik,488,2442684,Gudang 1,2023-06-25
422,Ball D,Elektronik,495,185936,Gudang 1,2024-01-23
423,Just C,Elektronik,197,3388887,Gudang 3,2024-01-28
424,Never D,Elektronik,291,752873,Gudang 3,2024-01-22
425,Project I,Perlengkapan Kantor,305,6129896,Gudang 2,2024-05-10
426,Near H,Perlengkapan Kantor,220,1820709,Gudang 3,2023-09-18
427,Really K,Elektronik,78,1082829,Gudang 3,2024-02-23
428,Themselves A,Elektronik,171,2921329,Gudang 2,2024-03-10
429,Appear E,Perabotan,135,2995675,Gudang 2,2024-04-14
430,Skill N,Perabotan,334,654239,Gudang 1,2023-09-19
431,Someone B,Perlengkapan Kantor,380,5565050,Gudang 3,2023-10-14
432,School L,Perlengkapan Kantor,142,1459289,Gudang 3,2023-08-29
433,Nation K,Elektronik,378,5121854,Gudang 2,2024-04-11
434,Return I,Perabotan,376,1059578,Gudang 3,2023-10-11
435,International H,Perlengkapan Kantor,80,6712085,Gudang 3,2024-01-03
436,Bring M,Perabotan,222,1575099,Gudang 3,2023-11-17
437,Final N,Perabotan,269,4888527,Gudang 1,2023-12-24
438,Stock M,Perlengkapan Kantor,453,4429769,Gudang 1,2023-08-28
439,Decade D,Elektronik,20,1530871,Gudang 1,2023-10-03
440,Note M,Elektronik,286,1663747,Gudang 3,2023-10-17
441,Total G,Perlengkapan Kantor,459,126717,Gudang 2,2024-03-17
442,Couple G,Perabotan,488,4221959,Gudang 2,2023-10-06
443,Successful M,Perlengkapan Kantor,267,2966109,Gudang 2,2024-01-04
444,Newspaper B,Perabotan,484,4169547,Gudang 2,2023-08-26
445,Others M,Perabotan,377,2099483,Gudang 2,2023-09-12
446,Candidate M,Perlengkapan Kantor,184,664831,Gudang 3,2023-12-04
447,Save J,Elektronik,93,3899930,Gudang 3,2023-10-06
448,Its M,Elektronik,372,6652523,Gudang 1,2024-04-15
449,Ahead N,Perabotan,296,1749111,Gudang 1,2024-01-19
450,Player C,Perlengkapan Kantor,230,3933897,Gudang 2,2024-04-18
451,Issue L,Elektronik,195,2661547,Gudang 2,2024-04-28
452,Find B,Elektronik,442,3724521,Gudang 3,2023-11-16
453,Talk J,Perabotan,191,215535,Gudang 3,2023-11-19
454,From I,Perabotan,204,1639452,Gudang 1,2023-12-04
455,Way F,Elektronik,294,1200511,Gudang 2,2023-09-16
456,Visit H,Perlengkapan Kantor,145,1383586,Gudang 3,2023-06-20
457,Tax D,Perabotan,297,3402874,Gudang 2,2024-05-02
458,Do A,Perabotan,393,5199494,Gudang 2,2024-03-23
459,Me M,Elektronik,354,2682996,Gudang 2,2024-05-25
460,One I,Elektronik,129,2574059,Gudang 1,2023-07-27
461,Something D,Elektronik,398,248706,Gudang 2,2024-05-28
462,Must D,Perlengkapan Kantor,486,3084449,Gudang 3,2023-11-19
463,Water J,Perabotan,37,4926058,Gudang 1,2023-10-31
464,Record E,Elektronik,363,4011997,Gudang 2,2023-06-28
465,Industry B,Perlengkapan Kantor,495,5863248,Gudang 2,2024-05-14
466,Available J,Perlengkapan Kantor,211,3321179,Gudang 2,2024-01-21
467,Service I,Elektronik,101,2128356,Gudang 3,2024-05-16
468,Amount C,Perabotan,482,6166348,Gudang 2,2024-05-18
469,Watch M,Elektronik,10,3403506,Gudang 2,2023-08-03
470,Quickly M,Perlengkapan Kantor,75,2661591,Gudang 1,2024-02-14
471,Relate F,Elektronik,92,3175864,Gudang 2,2023-11-14
472,Value F,Elektronik,329,5805852,Gudang 3,2024-05-02
473,Difference N,Perabotan,479,1245888,Gudang 1,2024-02-13
474,We D,Perabotan,221,6133221,Gudang 1,2023-10-23
475,Develop B,Elektronik,384,5140724,Gudang 3,2024-05-25
476,Great C,Elektronik,445,4693250,Gudang 2,2023-07-08
477,Much K,Elektronik,253,1498730,Gudang 3,2024-06-04
478,Service I,Perabotan,297,5530534,Gudang 2,2023-08-04
479,International E,Perabotan,125,2863360,Gudang 3,2023-12-18
480,Involve E,Elektronik,217,1784040,Gudang 1,2024-05-08
481,Yard L,Perlengkapan Kantor,43,5281097,Gudang 2,2024-03-27
482,Main E,Perabotan,431,1452178,Gudang 2,2023-10-25
483,Cause D,Perabotan,124,6102327,Gudang 3,2024-05-26
484,Put J,Elektronik,12,4008385,Gudang 2,2023-07-18
485,Too J,Perlengkapan Kantor,318,2327649,Gudang 1,2024-05-13
486,Individual F,Perlengkapan Kantor,380,5885638,Gudang 1,2023-10-04
487,Knowledge C,Perabotan,447,5323920,Gudang 3,2024-05-19
488,Unit A,Perlengkapan Kantor,209,6337465,Gudang 3,2023-10-21
489,Along F,Perabotan,300,4638619,Gudang 2,2023-10-16
490,Free F,Perabotan,329,5642518,Gudang 3,2023-11-03
491,Happy L,Perabotan,34,699555,Gudang 2,2024-03-26
492,Same I,Perabotan,265,5607290,Gudang 1,2023-12-29
493,Expert A,Perabotan,340,2739229,Gudang 1,2024-03-29
494,Become L,Perlengkapan Kantor,31,1652659,Gudang 2,2023-12-31
495,World E,Perabotan,248,3193348,Gudang 1,2023-10-15
496,Win I,Perabotan,128,593515,Gudang 2,2023-07-22
497,Truth B,Perabotan,153,673415,Gudang 3,2023-10-01
498,Reach D,Elektronik,91,3677950,Gudang 3,2023-12-19
499,What E,Perabotan,376,1936521,Gudang 1,2024-05-12
500,Fine L,Perabotan,377,1000156,Gudang 3,2023-09-09
501,Stage H,Elektronik,446,2919969,Gudang 1,2023-12-29
502,Subject B,Perlengkapan Kantor,325,4419315,Gudang 2,2024-04-03
503,Tend F,Elektronik,297,4946310,Gudang 3,2023-11-29
504,Home I,Perabotan,443,3308871,Gudang 2,2024-06-02
505,Machine G,Perlengkapan Kantor,253,3321872,Gudang 3,2023-10-17
506,Him L,Elektronik,66,6193805,Gudang 2,2024-04-29
507,Realize K,Perlengkapan Kantor,242,1013064,Gudang 3,2023-06-18
508,Federal F,Perabotan,46,6217534,Gudang 3,2024-03-23
509,Shake G,Perabotan,441,1297522,Gudang 3,2023-11-30
510,Moment F,Elektronik,396,887409,Gudang 1,2024-05-12
511,Occur A,Elektronik,312,3281318,Gudang 3,2023-08-31
512,Could N,Elektronik,360,4871974,Gudang 2,2024-05-29
513,However G,Perlengkapan Kantor,398,833863,Gudang 2,2023-10-27
514,Artist M,Perabotan,137,5691845,Gudang 1,2023-10-08
515,Herself G,Elektronik,378,3426847,Gudang 1,2023-08-14
516,Will F,Perlengkapan Kantor,328,6412691,Gudang 1,2023-11-12
517,Else F,Perlengkapan Kantor,123,4133848,Gudang 3,2024-05-04
518,Near M,Perlengkapan Kantor,457,970672,Gudang 1,2023-09-25
519,Thank L,Elektronik,26,6172543,Gudang 2,2023-10-07
520,Partner J,Perlengkapan Kantor,475,4444640,Gudang 3,2023-06-11
521,Degree N,Perabotan,276,755480,Gudang 1,2023-12-14
522,Dog E,Elektronik,384,5369370,Gudang 2,2024-03-29
523,Soon K,Elektronik,425,465573,Gudang 2,2023-07-16
524,War J,Elektronik,470,6423592,Gudang 1,2024-03-06
525,This E,Perabotan,165,858054,Gudang 3,2023-08-30
526,Capital M,Elektronik,121,2042782,Gudang 3,2024-04-16
527,Focus F,Elektronik,14,1824226,Gudang 2,2023-08-04
528,Hair F,Elektronik,308,2350802,Gudang 2,2023-09-30
529,Recent H,Perlengkapan Kantor,178,1344297,Gudang 1,2024-05-04
530,Director D,Elektronik,256,1392757,Gudang 1,2023-07-19
531,Goal K,Elektronik,26,3371845,Gudang 2,2023-12-31
532,Soon I,Perabotan,236,5458953,Gudang 1,2024-05-21
533,Area G,Elektronik,67,1902164,Gudang 3,2023-12-20
534,Happen J,Elektronik,165,4862144,Gudang 1,2023-09-26
535,Sound D,Perabotan,159,3769726,Gudang 1,2023-09-08
536,Fill D,Elektronik,115,1960602,Gudang 3,2024-02-26
537,Media C,Perabotan,444,3518630,Gudang 2,2023-06-12
538,Top K,Perlengkapan Kantor,60,1833874,Gudang 3,2023-11-09
539,Main I,Perlengkapan Kantor,425,3048982,Gudang 3,2023-09-04
540,Same H,Perlengkapan Kantor,36,4386022,Gudang 1,2023-10-29
541,Note M,Elektronik,334,2751746,Gudang 1,2023-08-25
542,Middle N,Perabotan,211,2802408,Gudang 1,2024-04-09
543,Deep M,Perabotan,162,3746076,Gudang 3,2023-06-27
544,Way B,Perlengkapan Kantor,479,4262282,Gudang 1,2024-01-14
545,Within E,Elektronik,208,5548264,Gudang 2,2024-01-26
546,Certain E,Elektronik,139,5319612,Gudang 3,2024-04-24
547,Conference I,Elektronik,131,5322873,Gudang 3,2023-07-30
548,Create H,Perabotan,160,981299,Gudang 3,2024-05-06
549,Name J,Elektronik,19,1994694,Gudang 3,2023-06-09
550,Away I,Elektronik,320,5685926,Gudang 2,2023-11-12
551,Land N,Elektronik,148,2453304,Gudang 2,2023-10-07
552,Current I,Perabotan,144,3462263,Gudang 3,2024-02-19
553,Bill B,Perabotan,471,6172135,Gudang 2,2023-12-10
554,Marriage J,Perabotan,418,3800840,Gudang 1,2023-08-16
555,Girl B,Perabotan,424,1332770,Gudang 3,2023-12-17
556,About G,Elektronik,51,3240207,Gudang 1,2024-02-13
557,Four D,Perlengkapan Kantor,81,5438885,Gudang 2,2023-09-26
558,By K,Perlengkapan Kantor,196,547620,Gudang 3,2023-12-13
559,Small J,Elektronik,406,3421589,Gudang 3,2023-08-02
560,Federal K,Elektronik,291,6308667,Gudang 1,2024-05-22
561,Tell A,Perlengkapan Kantor,64,243665,Gudang 2,2023-08-09
562,Major C,Perlengkapan Kantor,231,185888,Gudang 2,2024-04-11
563,Prepare H,Elektronik,168,6462021,Gudang 1,2023-06-14
564,House L,Perlengkapan Kantor,358,3614500,Gudang 3,2024-05-12
565,During K,Perabotan,358,1053363,Gudang 3,2023-06-19
566,You F,Perlengkapan Kantor,344,1762289,Gudang 3,2023-12-18
567,Feel E,Perlengkapan Kantor,16,4740174,Gudang 1,2024-04-13
568,Ground A,Elektronik,267,3135862,Gudang 3,2023-10-07
569,Single N,Perabotan,89,5179467,Gudang 1,2023-10-13
570,There K,Elektronik,30,6170400,Gudang 3,2023-09-08
571,Bill I,Perabotan,206,533746,Gudang 3,2023-08-08
572,Simply G,Perlengkapan Kantor,294,3281892,Gudang 1,2024-03-17
573,Drive B,Perlengkapan Kantor,122,6020781,Gudang 2,2023-11-06
574,Street I,Elektronik,107,1442497,Gudang 2,2023-08-29
575,Through N,Perlengkapan Kantor,274,3125396,Gudang 1,2023-08-31
576,Capital N,Perlengkapan Kantor,464,5320522,Gudang 1,2023-11-22
577,Great A,Elektronik,164,1770681,Gudang 2,2024-04-08
578,Water E,Elektronik,328,5371162,Gudang 2,2024-05-19
579,To G,Perabotan,349,167823,Gudang 2,2023-07-17
580,Four L,Perlengkapan Kantor,263,6698330,Gudang 1,2024-04-08
581,Water B,Perabotan,250,412083,Gudang 3,2023-11-20
582,Policy A,Elektronik,278,540959,Gudang 1,2023-08-03
583,Person H,Perabotan,409,4169507,Gudang 3,2024-01-05
584,Face F,Elektronik,169,217784,Gudang 2,2023-10-17
585,Realize E,Perabotan,426,5605581,Gudang 2,2023-09-04
586,Fast I,Perlengkapan Kantor,125,6465717,Gudang 1,2023-12-27
587,Mrs J,Elektronik,23,446424,Gudang 3,2023-07-15
588,Significant G,Perabotan,24,1913910,Gudang 3,2023-11-27
589,Herself F,Elektronik,67,3828353,Gudang 2,2023-08-14
590,Full N,Perabotan,432,3399411,Gudang 2,2023-06-26
591,Heart I,Elektronik,447,5179128,Gudang 3,2023-09-24
592,Wife A,Elektronik,27,132925,Gudang 2,2024-02-17
593,Next C,Perlengkapan Kantor,282,2853964,Gudang 3,2024-03-03
594,Letter M,Perabotan,380,6863102,Gudang 2,2024-05-04
595,Establish B,Perlengkapan Kantor,213,6862333,Gudang 1,2024-04-02
596,Condition A,Perabotan,125,628465,Gudang 1,2023-09-08
597,Plan K,Elektronik,28,6831778,Gudang 1,2024-05-26
598,This J,Perlengkapan Kantor,230,3792566,Gudang 3,2023-11-18
599,No H,Perabotan,389,459486,Gudang 2,2024-01-05
600,Particular K,Perlengkapan Kantor,141,2520597,Gudang 2,2024-01-12
601,Great D,Perabotan,244,4325275,Gudang 3,2023-11-22
602,Month C,Perlengkapan Kantor,15,6340288,Gudang 2,2024-05-01
603,Center A,Perlengkapan Kantor,218,5939828,Gudang 2,2023-06-13
604,Send G,Perabotan,339,5722074,Gudang 1,2023-08-13
605,One G,Perlengkapan Kantor,39,2397369,Gudang 1,2023-12-18
606,Respond C,Elektronik,106,5640496,Gudang 3,2023-11-18
607,Window G,Perabotan,218,1222330,Gudang 1,2024-05-10
608,Student M,Elektronik,351,2920961,Gudang 3,2023-07-25
609,Call E,Perlengkapan Kantor,281,1073176,Gudang 1,2023-10-29
610,Kid D,Perabotan,439,3610901,Gudang 3,2023-08-06
611,Would A,Perabotan,214,3810008,Gudang 3,2023-07-12
612,City A,Elektronik,355,6534358,Gudang 2,2024-01-29
613,Compare J,Perlengkapan Kantor,493,6028472,Gudang 3,2023-11-27
614,Participant I,Perabotan,237,1799117,Gudang 3,2024-01-06
615,Sound J,Elektronik,27,2003380,Gudang 1,2023-06-20
616,Activity C,Perabotan,482,6103343,Gudang 3,2023-07-04
617,Threat A,Perabotan,48,3431923,Gudang 1,2024-01-08
618,Program J,Elektronik,75,3713276,Gudang 3,2024-04-10
619,Nice D,Perabotan,94,680002,Gudang 2,2024-01-29
620,Line E,Perlengkapan Kantor,56,5842220,Gudang 1,2023-11-15
621,Dog C,Elektronik,31,5986808,Gudang 3,2024-03-24
622,Onto N,Perlengkapan Kantor,411,5974631,Gudang 2,2024-05-01
623,Drive I,Perlengkapan Kantor,207,5417939,Gudang 2,2023-11-17
624,Fall E,Perabotan,438,3465199,Gudang 3,2023-08-05
625,Group I,Perlengkapan Kantor,478,2856151,Gudang 1,2024-05-28
626,Sport K,Perabotan,179,4478506,Gudang 1,2024-03-03
627,Reveal N,Perabotan,301,4829195,Gudang 3,2023-10-15
628,Ten L,Elektronik,62,506128,Gudang 2,2023-07-26
629,Ten K,Perlengkapan Kantor,149,411400,Gudang 3,2024-04-22
630,Unit C,Perabotan,106,3434921,Gudang 2,2023-10-03
631,Opportunity C,Elektronik,299,3162577,Gudang 3,2023-07-22
632,Hand I,Perlengkapan Kantor,452,2905227,Gudang 3,2023-12-28
633,Chance F,Perlengkapan Kantor,60,6398746,Gudang 2,2023-07-04
634,Way D,Perabotan,324,4923391,Gudang 3,2023-12-27
635,Like G,Elektronik,129,3994726,Gudang 3,2024-05-30
636,Writer J,Elektronik,392,1266008,Gudang 3,2024-05-05
637,Now A,Perabotan,125,942577,Gudang 3,2023-12-08
638,Discover K,Perlengkapan Kantor,255,6891727,Gudang 3,2023-12-21
639,Certainly J,Elektronik,69,4598402,Gudang 3,2023-08-05
640,Will G,Perlengkapan Kantor,334,1547380,Gudang 2,2024-03-03
641,Student A,Perabotan,110,1089377,Gudang 1,2024-01-27
642,Series N,Elektronik,490,577990,Gudang 3,2024-02-14
643,Your B,Elektronik,265,2765208,Gudang 3,2024-05-04
644,Election B,Perabotan,351,3048557,Gudang 3,2023-11-18
645,Alone E,Perlengkapan Kantor,400,4477106,Gudang 2,2023-09-27
646,Road E,Elektronik,473,2840583,Gudang 3,2024-03-02
647,Father I,Elektronik,351,2994539,Gudang 2,2024-04-14
648,Source M,Perabotan,229,6971839,Gudang 3,2024-03-27
649,Better A,Perlengkapan Kantor,421,490097,Gudang 3,2023-09-17
650,Design H,Elektronik,324,5524717,Gudang 2,2024-01-07
651,Cover N,Perabotan,27,5445810,Gudang 1,2023-11-30
652,True J,Elektronik,400,6165504,Gudang 2,2024-05-17
653,Top J,Elektronik,156,2051829,Gudang 2,2024-02-20
654,Himself M,Perlengkapan Kantor,349,3759476,Gudang 1,2023-07-20
655,Cost I,Elektronik,165,2583158,Gudang 3,2023-06-11
656,Though I,Perabotan,143,596072,Gudang 3,2023-08-07
657,Have I,Elektronik,205,3713188,Gudang 1,2024-01-20
658,Appear B,Elektronik,38,1559958,Gudang 3,2023-07-07
659,Child H,Perlengkapan Kantor,136,6224113,Gudang 3,2023-08-05
660,Field K,Elektronik,275,3578461,Gudang 1,2024-03-17
661,No B,Perabotan,142,6374415,Gudang 1,2024-01-13
662,Language A,Perabotan,482,1449632,Gudang 1,2023-11-27
663,Benefit H,Perlengkapan Kantor,164,1541065,Gudang 3,2023-08-17
664,Girl K,Perlengkapan Kantor,442,6237712,Gudang 1,2023-06-14
665,Someone A,Elektronik,212,3188614,Gudang 2,2024-01-28
666,Remember K,Perlengkapan Kantor,490,2918905,Gudang 3,2023-09-26
667,Travel H,Perlengkapan Kantor,90,2200508,Gudang 1,2023-06-13
668,Rule H,Perlengkapan Kantor,431,4537445,Gudang 2,2023-08-01
669,Audience I,Elektronik,285,5586275,Gudang 1,2023-07-23
670,Including B,Elektronik,139,2055365,Gudang 3,2023-12-09
671,Safe H,Perabotan,314,4594354,Gudang 2,2023-11-20
672,Behind B,Perabotan,42,3474088,Gudang 3,2023-08-19
673,Continue K,Perlengkapan Kantor,341,3252897,Gudang 3,2023-10-12
674,Discussion F,Perlengkapan Kantor,140,684344,Gudang 3,2023-07-20
675,Light G,Perabotan,342,1371001,Gudang 2,2024-05-31
676,Practice K,Perlengkapan Kantor,230,924491,Gudang 1,2024-05-23
677,Question H,Elektronik,230,5103244,Gudang 3,2023-08-01
678,Offer H,Perlengkapan Kantor,281,1600281,Gudang 1,2023-08-19
679,Begin H,Perlengkapan Kantor,368,6041123,Gudang 1,2023-10-21
680,Director K,Elektronik,469,1752634,Gudang 2,2023-11-08
681,Person L,Perlengkapan Kantor,384,2233581,Gudang 1,2023-10-21
682,Red A,Perlengkapan Kantor,223,5045869,Gudang 3,2023-11-07
683,Say E,Perlengkapan Kantor,433,1248165,Gudang 3,2024-04-29
684,Community H,Perabotan,278,479187,Gudang 3,2024-05-03
685,Although F,Perabotan,74,3703660,Gudang 3,2024-05-21
686,Team G,Perlengkapan Kantor,178,5831012,Gudang 3,2024-01-01
687,Law N,Elektronik,475,1792092,Gudang 2,2023-09-21
688,Between H,Elektronik,166,6259885,Gudang 2,2024-01-16
689,Design I,Elektronik,74,6625204,Gudang 2,2024-05-22
690,Ever I,Elektronik,146,3696124,Gudang 1,2024-03-11
691,Thought K,Perabotan,291,5082576,Gudang 2,2023-11-13
692,Right D,Elektronik,248,255818,Gudang 3,2023-10-05
693,Successful A,Elektronik,452,1694165,Gudang 2,2024-05-12
694,Value H,Elektronik,271,1773993,Gudang 2,2023-08-12
695,Learn N,Elektronik,145,6397237,Gudang 1,2023-11-23
696,Actually K,Perlengkapan Kantor,30,6169042,Gudang 1,2023-12-31
697,Receive K,Perabotan,406,3572821,Gudang 1,2023-10-26
698,Operation B,Perlengkapan Kantor,58,4748724,Gudang 1,2023-06-15
699,Analysis H,Perabotan,401,6797487,Gudang 2,2024-03-01
700,Radio H,Perabotan,35,366171,Gudang 1,2023-12-06
701,Write M,Elektronik,172,6016313,Gudang 3,2023-11-08
702,Operation E,Perabotan,397,3290045,Gudang 3,2023-06-10
703,Nice N,Perabotan,272,6894516,Gudang 2,2024-03-19
704,Recently N,Perabotan,11,2860906,Gudang 2,2023-10-27
705,Cause A,Elektronik,298,1505833,Gudang 2,2024-03-28
706,Present B,Perabotan,64,5768948,Gudang 3,2024-02-23
707,Friend E,Elektronik,178,3676557,Gudang 3,2023-10-02
708,Congress A,Perabotan,23,2510257,Gudang 1,2024-02-07
709,Popular F,Elektronik,237,52562,Gudang 3,2023-12-13
710,Military E,Perabotan,29,5906178,Gudang 1,2023-09-24
711,Some A,Elektronik,373,791837,Gudang 2,2024-04-11
712,Network J,Perlengkapan Kantor,135,1021491,Gudang 1,2023-09-09
713,Year I,Elektronik,243,5811331,Gudang 3,2023-11-21
714,Military E,Elektronik,171,3383020,Gudang 1,2023-07-17
715,Performance K,Perlengkapan Kantor,470,4337536,Gudang 2,2024-01-26
716,Everything N,Perlengkapan Kantor,336,4948510,Gudang 3,2024-05-08
717,Car D,Elektronik,314,5120738,Gudang 1,2024-03-23
718,Play I,Perlengkapan Kantor,378,1550026,Gudang 2,2024-01-11
719,Military D,Perabotan,387,5591756,Gudang 2,2023-06-08
720,Season H,Perlengkapan Kantor,433,5564507,Gudang 3,2023-11-11
721,Four M,Elektronik,205,852418,Gudang 3,2024-03-25
722,Risk E,Perabotan,321,5650681,Gudang 1,2023-12-20
723,Start F,Elektronik,183,1723677,Gudang 3,2024-01-05
724,Different C,Elektronik,404,1543408,Gudang 2,2023-07-01
725,Goal H,Elektronik,395,498033,Gudang 1,2024-02-19
726,Community L,Elektronik,310,6351930,Gudang 3,2024-03-16
727,Life G,Perlengkapan Kantor,191,6104930,Gudang 2,2023-12-16
728,Most B,Perabotan,50,4180604,Gudang 3,2023-07-14
729,My N,Elektronik,454,2931370,Gudang 2,2023-06-13
730,Say I,Perlengkapan Kantor,50,3528703,Gudang 1,2023-11-23
731,Possible E,Elektronik,147,4897576,Gudang 3,2024-01-12
732,Recognize L,Perlengkapan Kantor,175,1736421,Gudang 1,2023-08-23
733,Baby B,Perlengkapan Kantor,289,6837805,Gudang 1,2023-10-30
734,Hundred H,Elektronik,448,3551231,Gudang 2,2024-02-10
735,Professional B,Elektronik,179,5229262,Gudang 3,2023-08-21
736,Effect H,Elektronik,312,883067,Gudang 2,2023-07-13
737,Shoulder A,Elektronik,495,1898082,Gudang 3,2023-10-07
738,Admit I,Perabotan,449,4984270,Gudang 3,2024-03-03
739,Little G,Elektronik,428,6448204,Gudang 2,2023-12-31
740,Ability M,Elektronik,199,3236673,Gudang 1,2023-11-26
741,Truth K,Perlengkapan Kantor,406,1494717,Gudang 3,2023-06-13
742,Him G,Perabotan,108,5880787,Gudang 2,2023-08-04
743,Age J,Perabotan,62,2524231,Gudang 2,2024-04-07
744,Person G,Perabotan,286,1559394,Gudang 3,2023-06-19
745,Catch H,Elektronik,461,6426108,Gudang 3,2024-04-27
746,Smile F,Perlengkapan Kantor,108,2135202,Gudang 1,2024-04-03
747,Continue K,Perlengkapan Kantor,75,3423943,Gudang 1,2023-12-04
748,Factor E,Perabotan,338,6788110,Gudang 2,2023-12-10
749,Myself G,Perlengkapan Kantor,433,5178489,Gudang 1,2023-10-05
750,Like M,Perabotan,277,387188,Gudang 1,2024-04-20
751,Blood I,Perabotan,200,3426570,Gudang 2,2023-10-16
752,Cultural H,Perlengkapan Kantor,122,70382,Gudang 2,2024-05-04
753,Decision L,Perlengkapan Kantor,229,2344691,Gudang 2,2023-10-13
754,Field I,Perlengkapan Kantor,428,3256651,Gudang 1,2023-10-15
755,While I,Perabotan,22,4856832,Gudang 3,2023-07-13
756,Information A,Perabotan,193,6136633,Gudang 3,2023-08-06
757,Add D,Perabotan,345,1412528,Gudang 1,2023-07-31
758,According I,Elektronik,216,3558277,Gudang 1,2023-07-21
759,Story K,Perabotan,468,5449056,Gudang 2,2024-02-15
760,Stay D,Perabotan,299,2323343,Gudang 2,2023-06-07
761,Human F,Elektronik,251,3356405,Gudang 2,2024-02-26
762,Federal A,Perabotan,236,1129839,Gudang 2,2023-12-10
763,Light N,Perlengkapan Kantor,204,46604,Gudang 1,2024-01-29
764,Mean M,Elektronik,478,2010594,Gudang 1,2023-09-03
765,Even H,Perabotan,441,6349261,Gudang 2,2023-08-17
766,Foot J,Perabotan,202,519090,Gudang 2,2024-02-14
767,Research G,Perabotan,130,1940257,Gudang 2,2024-02-10
768,Join C,Perabotan,304,169534,Gudang 1,2023-11-08
769,Tough N,Elektronik,191,2215215,Gudang 1,2023-11-22
770,Red N,Elektronik,291,3250967,Gudang 1,2023-10-31
771,Reach I,Elektronik,362,3841801,Gudang 3,2024-04-14
772,Rule G,Perlengkapan Kantor,92,169853,Gudang 2,2023-12-20
773,Exactly N,Perlengkapan Kantor,475,2431109,Gudang 1,2023-07-24
774,Reach L,Perlengkapan Kantor,433,2589872,Gudang 2,2023-11-15
775,Close L,Elektronik,13,775875,Gudang 3,2023-08-13
776,Water C,Perlengkapan Kantor,394,4468350,Gudang 2,2024-04-27
777,Dark C,Elektronik,130,1394639,Gudang 1,2023-12-31
778,Common A,Perlengkapan Kantor,215,6729783,Gudang 1,2023-07-20
779,Force J,Perabotan,388,3114884,Gudang 2,2024-03-13
780,Police G,Perlengkapan Kantor,199,132095,Gudang 1,2023-09-19
781,Push A,Perlengkapan Kantor,90,2119441,Gudang 2,2023-10-22
782,Major L,Perlengkapan Kantor,499,3550013,Gudang 3,2024-05-20
783,Affect D,Elektronik,369,2403423,Gudang 1,2023-10-15
784,Miss H,Perlengkapan Kantor,52,4059567,Gudang 1,2023-07-13
785,Way D,Elektronik,107,3893996,Gudang 2,2024-06-01
786,Spend F,Perlengkapan Kantor,291,6182263,Gudang 1,2023-06-18
787,Every C,Perlengkapan Kantor,356,1098326,Gudang 2,2023-06-06
788,Herself M,Perlengkapan Kantor,122,4859993,Gudang 2,2024-04-25
789,Seek G,Elektronik,418,2085905,Gudang 1,2023-12-02
790,Movement A,Elektronik,198,4795926,Gudang 2,2024-02-15
791,Each A,Perlengkapan Kantor,159,1880444,Gudang 1,2024-03-01
792,Fight N,Perlengkapan Kantor,294,1534354,Gudang 2,2024-01-27
793,Find A,Perlengkapan Kantor,387,6194725,Gudang 3,2023-10-06
794,Behind F,Perabotan,119,1132715,Gudang 3,2023-11-21
795,Dinner A,Perabotan,325,3992276,Gudang 2,2023-09-02
796,Especially H,Elektronik,354,4570804,Gudang 2,2023-09-19
797,Population H,Perlengkapan Kantor,262,227896,Gudang 3,2023-12-28
798,Organization G,Perlengkapan Kantor,394,4490668,Gudang 2,2023-07-08
799,Science F,Perabotan,338,5711132,Gudang 2,2023-12-13
800,Board E,Perlengkapan Kantor,93,285544,Gudang 2,2023-12-02
801,Tv F,Elektronik,146,3031331,Gudang 1,2023-12-22
802,Discover E,Perlengkapan Kantor,47,39675,Gudang 2,2023-10-02
803,Green F,Perlengkapan Kantor,83,353256,Gudang 1,2023-06-11
804,Teacher K,Perlengkapan Kantor,326,4101125,Gudang 3,2023-09-08
805,Decide K,Perabotan,85,5792577,Gudang 3,2023-07-28
806,Arrive H,Elektronik,138,2469513,Gudang 2,2024-01-19
807,Someone D,Perlengkapan Kantor,480,2392390,Gudang 2,2023-07-16
808,They H,Elektronik,450,6937986,Gudang 2,2024-04-02
809,Man B,Elektronik,28,1419566,Gudang 1,2023-06-21
810,Dark J,Perlengkapan Kantor,174,2524178,Gudang 3,2023-10-07
811,Less J,Perabotan,18,5418588,Gudang 1,2024-06-04
812,Save J,Elektronik,448,383165,Gudang 2,2023-10-22
813,Successful A,Perabotan,30,2019935,Gudang 1,2024-04-08
814,Along E,Elektronik,254,295264,Gudang 2,2024-05-19
815,Employee K,Elektronik,437,3617025,Gudang 3,2023-09-22
816,Capital D,Perabotan,179,2950340,Gudang 3,2023-10-02
817,Free F,Perabotan,186,6920295,Gudang 2,2024-04-01
818,Contain B,Perabotan,243,3409238,Gudang 2,2023-11-26
819,End G,Perlengkapan Kantor,49,6754757,Gudang 2,2024-01-31
820,Accept E,Perabotan,433,3198456,Gudang 3,2024-05-10
821,Fine J,Elektronik,450,512632,Gudang 3,2023-06-09
822,Smile F,Elektronik,440,2487569,Gudang 2,2024-01-26
823,Manager M,Elektronik,240,2302264,Gudang 1,2023-06-13
824,Against N,Perabotan,210,5044177,Gudang 2,2023-11-28
825,Life M,Elektronik,479,5738966,Gudang 3,2024-04-23
826,White B,Elektronik,329,2612187,Gudang 2,2023-06-14
827,Water I,Elektronik,142,6056213,Gudang 2,2024-02-06
828,Car D,Perabotan,379,5910807,Gudang 2,2023-09-22
829,Do N,Perabotan,457,2460867,Gudang 3,2024-01-30
830,Dog J,Perabotan,123,6466333,Gudang 2,2023-11-15
831,Never M,Perlengkapan Kantor,278,5030741,Gudang 3,2023-09-05
832,Research H,Perabotan,338,3105428,Gudang 2,2023-10-20
833,Campaign B,Elektronik,326,6125099,Gudang 1,2023-12-09
834,Moment B,Elektronik,377,2294277,Gudang 3,2023-09-18
835,Drug F,Perabotan,197,6759358,Gudang 1,2023-10-28
836,Too J,Perlengkapan Kantor,424,6681813,Gudang 3,2023-06-28
837,Network G,Perabotan,341,4088934,Gudang 1,2024-02-14
838,Part D,Elektronik,39,6184802,Gudang 1,2023-10-25
839,Begin E,Elektronik,315,443068,Gudang 1,2024-03-08
840,Cover H,Elektronik,46,6648150,Gudang 1,2023-09-12
841,Before F,Perabotan,281,4841147,Gudang 2,2023-12-15
842,Whose C,Elektronik,105,4235245,Gudang 1,2024-05-19
843,Natural F,Perabotan,395,4038479,Gudang 3,2023-07-08
844,Money L,Perabotan,146,1796770,Gudang 2,2024-03-06
845,All F,Elektronik,104,3705827,Gudang 2,2024-04-17
846,Indeed E,Perabotan,245,869226,Gudang 2,2024-03-22
847,By C,Perlengkapan Kantor,338,6790108,Gudang 3,2024-02-17
848,Sound B,Perlengkapan Kantor,32,655868,Gudang 2,2024-01-27
849,Around K,Perlengkapan Kantor,36,772660,Gudang 2,2023-09-26
850,Perhaps M,Perabotan,75,2722124,Gudang 1,2023-10-13
851,Paper H,Elektronik,18,3242576,Gudang 2,2024-03-06
852,Player F,Elektronik,473,3967049,Gudang 1,2023-11-25
853,Maintain A,Elektronik,133,602221,Gudang 2,2024-03-01
854,Operation E,Perlengkapan Kantor,460,319942,Gudang 2,2024-01-06
855,From J,Perabotan,53,506747,Gudang 3,2023-07-12
856,Weight A,Perlengkapan Kantor,380,5182251,Gudang 2,2023-06-15
857,Learn A,Perabotan,86,6444435,Gudang 2,2023-07-05
858,Themselves D,Perlengkapan Kantor,260,2123185,Gudang 1,2024-05-16
859,That C,Perabotan,387,2419415,Gudang 3,2023-11-19
860,Government H,Perabotan,292,6347756,Gudang 1,2024-04-02
861,Risk K,Elektronik,422,2193667,Gudang 1,2023-12-28
862,Address K,Perlengkapan Kantor,59,6886331,Gudang 2,2024-04-12
863,Standard A,Perlengkapan Kantor,39,3133284,Gudang 1,2023-08-09
864,Glass F,Perabotan,240,4542720,Gudang 2,2023-08-20
865,Song N,Perabotan,276,6171449,Gudang 2,2023-08-01
866,Plant E,Perabotan,349,4146129,Gudang 3,2024-05-31
867,Whom N,Perlengkapan Kantor,493,2012137,Gudang 2,2023-12-31
868,Not L,Elektronik,214,4848559,Gudang 3,2023-09-10
869,Field L,Perlengkapan Kantor,77,3700558,Gudang 3,2023-07-01
870,Down E,Perabotan,321,6284206,Gudang 2,2023-09-14
871,Reveal B,Perlengkapan Kantor,267,729270,Gudang 2,2024-05-26
872,Special I,Perabotan,169,4381158,Gudang 3,2023-11-07
873,Player N,Perlengkapan Kantor,398,5445634,Gudang 2,2023-08-21
874,When N,Perabotan,368,1037028,Gudang 1,2023-10-20
875,Check C,Perlengkapan Kantor,295,1186030,Gudang 1,2024-01-19
876,Middle L,Elektronik,111,4415049,Gudang 1,2024-04-26
877,Election J,Perlengkapan Kantor,12,1657792,Gudang 1,2024-03-16
878,Recent H,Perabotan,270,1586626,Gudang 3,2023-12-03
879,Both A,Perabotan,407,2989030,Gudang 2,2023-11-14
880,Inside J,Perabotan,187,2921966,Gudang 1,2024-03-14
881,Magazine A,Perabotan,264,813193,Gudang 1,2024-01-06
882,Another J,Perlengkapan Kantor,402,948212,Gudang 3,2024-03-28
883,Now F,Perlengkapan Kantor,100,4290170,Gudang 1,2023-08-20
884,Myself A,Elektronik,128,4936473,Gudang 3,2023-11-24
885,Hear M,Elektronik,176,3602209,Gudang 2,2024-04-17
886,Positive C,Perlengkapan Kantor,457,1546057,Gudang 3,2023-11-10
887,Similar B,Elektronik,122,4600273,Gudang 1,2024-03-06
888,Yourself N,Elektronik,353,2323307,Gudang 2,2024-03-11
889,Contain I,Perlengkapan Kantor,288,5595776,Gudang 3,2024-04-21
890,Road L,Perlengkapan Kantor,76,3879209,Gudang 3,2024-03-29
891,News G,Elektronik,97,6973920,Gudang 2,2024-02-07
892,Base A,Perabotan,426,1165918,Gudang 3,2023-09-29
893,Through M,Perlengkapan Kantor,87,6020433,Gudang 2,2024-02-22
894,Suddenly K,Elektronik,396,3928013,Gudang 1,2023-07-11
895,Quickly D,Elektronik,388,1183254,Gudang 3,2024-03-08
896,Once L,Perlengkapan Kantor,62,6859510,Gudang 2,2023-09-12
897,Upon D,Perlengkapan Kantor,349,5593421,Gudang 3,2023-12-08
898,Worry A,Perabotan,493,3638894,Gudang 3,2024-01-20
899,Security K,Perabotan,243,145395,Gudang 1,2024-03-09
900,Bed D,Perabotan,158,401772,Gudang 1,2023-12-24
901,Building E,Perlengkapan Kantor,178,1944075,Gudang 3,2023-12-17
902,Success L,Perabotan,458,4415744,Gudang 2,2024-03-06
903,Life F,Perlengkapan Kantor,220,3560825,Gudang 1,2023-07-11
904,Quite B,Perabotan,137,5537380,Gudang 3,2023-09-13
905,Outside F,Perlengkapan Kantor,121,4408495,Gudang 1,2024-02-06
906,Purpose C,Perlengkapan Kantor,396,2154109,Gudang 2,2024-03-12
907,Yes N,Elektronik,435,1179524,Gudang 3,2023-07-16
908,Condition K,Perabotan,212,3888580,Gudang 3,2023-11-24
909,After M,Perabotan,462,4618159,Gudang 3,2023-08-26
910,Environmental C,Perabotan,482,3609361,Gudang 3,2023-10-05
911,American J,Elektronik,422,2272166,Gudang 2,2023-10-14
912,Response D,Perlengkapan Kantor,11,2157745,Gudang 3,2023-08-28
913,Gas D,Perabotan,309,2519520,Gudang 3,2024-04-06
914,Short M,Perabotan,265,3903602,Gudang 3,2023-06-18
915,Anyone F,Perlengkapan Kantor,354,3081406,Gudang 1,2023-06-23
916,Term K,Elektronik,142,1980273,Gudang 2,2024-02-10
917,Establish D,Perabotan,340,2509728,Gudang 2,2023-09-23
918,Book K,Elektronik,150,2252157,Gudang 1,2023-12-14
919,These M,Elektronik,185,1355551,Gudang 3,2024-01-11
920,Rest C,Perabotan,105,4386806,Gudang 3,2023-11-19
921,Important B,Elektronik,80,2357268,Gudang 1,2023-08-13
922,For C,Elektronik,124,3153472,Gudang 2,2023-11-30
923,Say A,Perlengkapan Kantor,84,1261343,Gudang 2,2024-05-11
924,Car J,Elektronik,172,4399864,Gudang 2,2023-12-16
925,Push M,Perabotan,340,4800695,Gudang 2,2024-02-20
926,Player M,Perabotan,267,6355045,Gudang 3,2023-11-26
927,Message H,Elektronik,172,2589297,Gudang 3,2023-12-29
928,Rich N,Perlengkapan Kantor,134,4927802,Gudang 1,2023-09-04
929,Miss F,Elektronik,76,3720669,Gudang 1,2023-08-26
930,Statement N,Elektronik,309,900241,Gudang 2,2024-01-07
931,Career I,Elektronik,359,5145347,Gudang 3,2023-09-08
932,Part L,Perlengkapan Kantor,338,6473890,Gudang 3,2023-06-23
933,Year H,Perlengkapan Kantor,153,2835890,Gudang 3,2024-05-14
934,Nature I,Perlengkapan Kantor,98,5733677,Gudang 2,2024-02-13
935,History J,Perlengkapan Kantor,464,4679096,Gudang 3,2024-05-21
936,Industry L,Elektronik,152,5197760,Gudang 2,2024-04-11
937,Yourself H,Perlengkapan Kantor,233,6513404,Gudang 2,2024-01-24
938,Race H,Perlengkapan Kantor,437,2423573,Gudang 2,2023-10-21
939,Early M,Perabotan,96,3451405,Gudang 3,2024-03-09
940,Clearly E,Elektronik,112,438993,Gudang 2,2023-07-31
941,Serious C,Elektronik,185,3650141,Gudang 2,2023-08-28
942,Option N,Perlengkapan Kantor,468,2147884,Gudang 3,2023-10-17
943,Social F,Perlengkapan Kantor,464,3717679,Gudang 3,2024-03-01
944,Investment C,Perabotan,174,6194574,Gudang 3,2023-07-05
945,Lay B,Perlengkapan Kantor,97,3525647,Gudang 1,2023-11-03
946,Plan A,Perlengkapan Kantor,19,812556,Gudang 2,2023-08-26
947,Fight M,Elektronik,457,2287608,Gudang 2,2024-03-11
948,Ask E,Perabotan,87,2802787,Gudang 1,2024-05-07
949,Son J,Perlengkapan Kantor,25,3150560,Gudang 2,2023-11-10
950,Price K,Perlengkapan Kantor,146,3411010,Gudang 1,2023-08-09
951,Close A,Elektronik,297,6946201,Gudang 1,2023-06-25
952,Hundred E,Perlengkapan Kantor,129,292082,Gudang 1,2023-12-23
953,Themselves M,Perabotan,214,6215123,Gudang 2,2023-10-25
954,Campaign G,Perlengkapan Kantor,358,822861,Gudang 1,2024-02-12
955,Sometimes G,Elektronik,371,4203467,Gudang 3,2023-11-26
956,Lose L,Perabotan,48,4219569,Gudang 2,2023-09-06
957,Mother E,Elektronik,106,4951161,Gudang 2,2024-03-09
958,Skill N,Perlengkapan Kantor,445,6339412,Gudang 2,2023-08-03
959,Yeah C,Elektronik,226,829519,Gudang 2,2023-09-08
960,Often D,Perlengkapan Kantor,287,4289787,Gudang 1,2023-09-04
961,Red I,Elektronik,415,1968906,Gudang 2,2023-07-16
962,Need K,Perlengkapan Kantor,359,6287833,Gudang 3,2023-07-16
963,Get J,Elektronik,115,2462886,Gudang 2,2023-10-30
964,Really K,Perlengkapan Kantor,377,3924153,Gudang 2,2024-02-14
965,Many K,Elektronik,343,5732278,Gudang 3,2023-11-06
966,Drug C,Perlengkapan Kantor,184,1665226,Gudang 1,2023-06-15
967,Above D,Elektronik,114,4856896,Gudang 3,2023-07-12
968,Author D,Perlengkapan Kantor,216,3124062,Gudang 1,2023-12-21
969,Him F,Elektronik,332,4182841,Gudang 3,2023-10-31
970,Movement B,Perabotan,140,2700525,Gudang 2,2024-01-31
971,Feeling B,Elektronik,445,3079022,Gudang 1,2024-02-29
972,Ever A,Perabotan,282,1373597,Gudang 3,2023-12-13
973,She I,Elektronik,125,1067479,Gudang 2,2023-08-21
974,Itself I,Perlengkapan Kantor,112,968371,Gudang 1,2023-09-25
975,Call C,Perabotan,45,4949846,Gudang 1,2024-03-04
976,Bit N,Elektronik,80,2046227,Gudang 3,2023-11-11
977,Past M,Elektronik,432,5033743,Gudang 1,2024-02-18
978,Join G,Perabotan,420,3624384,Gudang 2,2023-11-27
979,Window I,Perabotan,259,1274992,Gudang 1,2024-02-11
980,Home B,Perlengkapan Kantor,348,2258405,Gudang 1,2024-02-10
981,Fight G,Elektronik,279,6250084,Gudang 3,2023-10-23
982,Maybe K,Perabotan,342,6827408,Gudang 1,2023-08-31
983,Hour A,Elektronik,319,5619869,Gudang 3,2023-12-03
984,Realize E,Perabotan,123,3548180,Gudang 3,2023-12-01
985,Community F,Elektronik,350,2019458,Gudang 1,2023-07-17
986,Source B,Perlengkapan Kantor,342,1598638,Gudang 3,2024-04-25
987,All C,Perlengkapan Kantor,198,6005556,Gudang 2,2023-06-16
988,Could J,Perlengkapan Kantor,219,6844186,Gudang 2,2024-03-23
989,Discover D,Perlengkapan Kantor,334,1920489,Gudang 2,2023-09-27
990,It B,Perlengkapan Kantor,298,2708673,Gudang 3,2024-04-06
991,Recent B,Elektronik,242,4119738,Gudang 1,2023-06-21
992,Action I,Elektronik,32,6479571,Gudang 2,2023-10-10
993,Public N,Perlengkapan Kantor,55,6848089,Gudang 2,2023-11-19
994,Require D,Elektronik,165,273301,Gudang 3,2023-06-14
995,Smile F,Elektronik,67,6470740,Gudang 1,2023-07-10
996,Car B,Elektronik,245,593244,Gudang 2,2024-05-11
997,Start I,Perabotan,459,5612729,Gudang 2,2023-09-17
998,Throw I,Elektronik,327,5463382,Gudang 1,2023-07-21
999,Woman L,Elektronik,396,5572182,Gudang 2,2023-11-11
1000,Technology E,Perabotan,213,398752,Gudang 2,2023-11-12
